点位编号,侧滑角α,迎角β,来流总压P0,来流静压Ps,P1,P2,P3,P4,P5,P6,P7,大气压力,大气温度,采样次数,Kα,Kβ,K0,Ks,马赫数,速度,标准差,U(Kα),U(Kβ),U(K0),U(Ks),边界标记
1,-30.000,-30.000,226.958,-0.815,-153.051,-110.275,-113.898,138.077,215.552,-50.525,53.169,99233.142,27.8,10,3.4294,-4.2973,-0.7630,0.0507,0.0572,19.902,0.6278,,,,,
2,-25.000,-30.000,228.007,-0.878,-134.633,-102.329,-111.665,164.023,214.020,-51.824,77.496,99234.253,27.9,10,2.6738,-3.5037,-0.6576,0.0125,0.0574,19.951,0.6765,,,,,
3,-20.000,-30.000,225.480,-0.810,-110.591,-91.235,-78.703,181.128,200.321,-53.363,101.553,99234.531,27.9,10,1.9541,-3.0250,-0.5476,-0.0386,0.0571,19.838,1.2685,,,,,
4,-15.000,-30.000,224.347,-0.749,-87.841,-80.671,-38.219,194.268,183.701,-55.803,120.970,99235.109,27.9,10,1.4006,-2.7726,-0.4593,-0.0888,0.0569,19.786,0.8645,,,,,
5,-10.000,-30.000,224.670,-0.828,-66.351,-67.745,3.906,202.702,165.992,-51.991,138.717,99237.391,27.9,10,0.9540,-2.5635,-0.3812,-0.1415,0.0570,19.803,1.3099,,,,,
6,-5.000,-30.000,223.507,-0.870,-59.525,-64.414,39.420,205.196,139.710,-60.111,147.810,99233.055,27.9,10,0.5277,-2.4268,-0.3374,-0.1526,0.0568,19.755,0.5121,,,,,
7,0.000,-30.000,223.930,-0.836,-58.749,-60.634,73.753,206.232,109.846,-67.758,154.617,99234.078,27.9,10,0.1384,-2.3226,-0.3084,-0.1540,0.0569,19.772,0.6301,,,,,
8,5.000,-30.000,224.045,-0.792,-62.329,-56.509,105.011,206.270,76.313,-75.255,156.484,99235.743,27.9,10,-0.2205,-2.2814,-0.3005,-0.1470,0.0569,19.775,1.0829,,,,,
9,10.000,-30.000,223.204,-0.865,-66.874,-48.216,134.129,205.086,39.520,-82.348,153.615,99235.762,27.9,10,-0.6023,-2.2910,-0.3106,-0.1387,0.0568,19.741,0.3394,,,,,
10,15.000,-30.000,224.680,-0.903,-75.757,-36.726,161.133,201.141,2.167,-88.205,149.072,99236.164,27.9,10,-0.9977,-2.3048,-0.3352,-0.1250,0.0570,19.808,1.2589,,,,,
11,20.000,-30.000,223.694,-0.826,-100.291,-36.547,180.926,191.246,-42.864,-105.748,136.525,99237.627,27.9,10,-1.3857,-2.3577,-0.3882,-0.0681,0.0568,19.761,1.2012,,,,,
12,25.000,-30.000,226.458,-0.783,-124.373,-32.608,200.218,178.534,-87.931,-119.311,122.141,99237.992,27.9,10,-1.8077,-2.4224,-0.4591,-0.0141,0.0572,19.881,1.2493,,,,,
13,30.000,-30.000,223.364,-0.635,-151.481,-30.507,209.305,154.023,-137.612,-136.533,98.525,99236.252,27.9,10,-2.2941,-2.4848,-0.5573,0.0662,0.0568,19.739,0.4893,,,,,
14,-30.000,-25.000,222.647,-0.623,-140.990,-104.002,-93.463,112.012,211.186,0.849,75.806,99235.617,27.9,10,3.0230,-3.0981,-0.6577,0.0080,0.0567,19.707,0.9993,,,,,
15,-25.000,-25.000,223.432,-0.593,-113.004,-88.448,-97.548,138.459,212.480,-0.103,104.366,99238.211,27.9,10,2.4027,-2.4598,-0.5315,-0.0412,0.0568,19.741,0.5037,,,,,
16,-20.000,-25.000,224.369,-0.818,-83.602,-70.628,-63.784,161.306,203.886,-1.205,130.650,99238.234,28.0,10,1.8305,-2.2001,-0.4162,-0.1117,0.0569,19.792,0.4095,,,,,
17,-15.000,-25.000,223.430,-0.764,-59.756,-56.360,-24.856,177.452,189.610,-6.414,149.628,99236.598,28.0,10,1.3508,-2.0704,-0.3292,-0.1667,0.0568,19.749,1.0499,,,,,
18,-10.000,-25.000,223.721,-0.883,-39.818,-40.670,15.075,186.852,170.257,-8.846,165.366,99236.134,28.0,10,0.9132,-1.9403,-0.2598,-0.2138,0.0568,19.767,0.6449,,,,,
19,-5.000,-25.000,223.847,-0.793,-32.254,-30.458,52.379,192.292,147.463,-16.109,175.251,99237.731,28.0,10,0.5135,-1.8843,-0.2163,-0.2360,0.0568,19.769,0.7140,,,,,
20,0.000,-25.000,221.864,-0.818,-35.095,-26.010,82.075,190.719,117.046,-26.898,178.908,99239.621,28.0,10,0.1530,-1.8239,-0.1929,-0.2296,0.0566,19.683,1.0341,,,,,
21,5.000,-25.000,223.220,-0.835,-35.198,-15.854,115.141,192.803,86.578,-34.805,181.754,99238.231,28.0,10,-0.2105,-1.8120,-0.1851,-0.2333,0.0568,19.743,0.7322,,,,,
22,10.000,-25.000,223.153,-0.835,-40.228,-6.449,143.268,192.134,50.737,-46.075,178.696,99239.054,28.0,10,-0.5878,-1.8266,-0.1985,-0.2220,0.0568,19.741,0.7159,,,,,
23,15.000,-25.000,226.523,-0.766,-53.097,4.336,169.779,189.165,13.354,-58.193,175.348,99239.283,28.0,10,-0.9641,-1.8342,-0.2252,-0.1979,0.0572,19.886,1.8375,,,,,
24,20.000,-25.000,220.519,-0.843,-80.260,5.375,184.475,171.904,-33.983,-81.084,159.108,99239.161,28.0,10,-1.3401,-1.8536,-0.2774,-0.1291,0.0564,19.625,1.3291,,,,,
25,25.000,-25.000,222.088,-0.839,-108.865,9.379,199.920,154.660,-80.051,-101.204,143.600,99241.203,28.0,10,-1.7174,-1.8755,-0.3521,-0.0590,0.0566,19.694,0.4898,,,,,
26,30.000,-25.000,221.083,-0.541,-142.787,11.661,209.046,126.950,-131.217,-122.292,119.903,99239.055,28.0,10,-2.1388,-1.8955,-0.4565,0.0341,0.0565,19.637,1.1202,,,,,
27,-30.000,-20.000,221.504,-0.623,-120.405,-93.244,-77.199,84.094,208.947,49.244,98.187,99240.898,28.0,10,2.7615,-2.1751,-0.5552,-0.0414,0.0565,19.660,0.8188,,,,,
28,-25.000,-20.000,223.769,-0.753,-88.883,-75.846,-80.604,114.036,211.015,47.671,127.334,99240.698,28.0,10,2.2589,-1.7732,-0.4295,-0.0979,0.0568,19.765,0.2906,,,,,
29,-20.000,-20.000,223.124,-0.900,-56.422,-55.237,-47.871,138.298,202.007,44.092,152.846,99239.449,28.0,10,1.7476,-1.6028,-0.3137,-0.1713,0.0568,19.744,0.7248,,,,,
30,-15.000,-20.000,222.259,-0.795,-31.858,-37.730,-11.386,157.143,188.469,35.835,171.193,99240.259,28.1,10,1.3034,-1.5329,-0.2289,-0.2281,0.0566,19.701,0.7925,,,,,
31,-10.000,-20.000,222.958,-0.687,-14.565,-20.478,24.476,168.152,170.810,28.991,184.778,99240.346,28.1,10,0.9028,-1.4700,-0.1707,-0.2694,0.0567,19.728,1.0534,,,,,
32,-5.000,-20.000,221.886,-0.781,-6.821,-4.040,59.706,172.854,148.157,21.559,194.036,99239.119,28.1,10,0.5112,-1.4226,-0.1251,-0.2965,0.0566,19.685,0.2946,,,,,
33,0.000,-20.000,218.198,-0.814,-11.435,3.910,87.289,171.737,119.261,8.800,195.171,99237.710,28.1,10,0.1613,-1.4156,-0.1051,-0.2926,0.0561,19.523,0.3300,,,,,
34,5.000,-20.000,220.625,-0.499,-11.936,16.640,117.388,173.653,90.494,-0.067,198.086,99238.367,28.1,10,-0.1882,-1.4021,-0.1019,-0.2933,0.0564,19.617,1.2229,,,,,
35,10.000,-20.000,223.577,-0.785,-14.291,31.161,147.212,175.181,58.974,-11.307,199.108,99240.789,28.1,10,-0.5606,-1.3997,-0.1091,-0.2909,0.0568,19.760,1.2431,,,,,
36,15.000,-20.000,224.180,-0.641,-30.363,40.173,170.876,169.138,20.454,-32.040,192.987,99239.516,28.1,10,-0.9409,-1.4205,-0.1387,-0.2536,0.0569,19.781,0.2830,,,,,
37,20.000,-20.000,220.445,-0.542,-57.796,45.277,184.224,150.013,-25.874,-59.439,178.201,99240.132,28.1,10,-1.3095,-1.4124,-0.1912,-0.1807,0.0564,19.612,1.1016,,,,,
38,25.000,-20.000,220.784,-0.633,-89.924,50.253,197.021,127.523,-72.711,-84.528,161.824,99240.214,28.1,10,-1.6616,-1.4075,-0.2663,-0.0989,0.0564,19.631,0.1710,,,,,
39,30.000,-20.000,222.439,-0.796,-125.227,54.471,208.411,99.774,-121.159,-109.171,140.328,99240.430,28.1,10,-2.0465,-1.4181,-0.3678,-0.0089,0.0567,19.712,0.6689,,,,,
40,-30.000,-15.000,221.444,-0.640,-95.752,-81.805,-63.523,55.226,205.234,93.892,115.767,99240.578,28.1,10,2.6485,-1.4848,-0.4758,-0.0879,0.0565,19.661,0.8147,,,,,
41,-25.000,-15.000,220.263,-0.663,-65.366,-65.017,-67.636,83.191,203.338,89.554,142.765,99239.984,28.1,10,2.1726,-1.2034,-0.3508,-0.1373,0.0564,19.610,0.6514,,,,,
42,-20.000,-15.000,222.109,-0.760,-32.007,-41.637,-35.969,112.065,195.015,83.457,168.571,99241.477,28.2,10,1.6885,-1.1098,-0.2402,-0.2135,0.0566,19.696,1.0612,,,,,
43,-15.000,-15.000,220.143,-0.662,-6.929,-22.492,-2.180,130.442,180.816,73.809,185.515,99241.195,28.2,10,1.2737,-1.0586,-0.1568,-0.2698,0.0564,19.605,0.4623,,,,,P7-P5
44,-10.000,-15.000,222.239,-0.547,9.500,-3.643,31.657,145.002,165.531,62.342,198.531,99239.864,28.2,10,0.8867,-1.0489,-0.1064,-0.3095,0.0566,19.693,0.7820,,,,,
45,-5.000,-15.000,222.530,-0.792,14.809,13.946,62.509,151.901,145.481,51.484,207.048,99239.784,28.2,10,0.5204,-1.0391,-0.0693,-0.3320,0.0567,19.717,0.5897,,,,,
46,0.000,-15.000,221.051,-0.657,12.368,28.471,89.905,153.394,119.802,40.362,209.887,99241.484,28.2,10,0.1776,-1.0378,-0.0504,-0.3370,0.0565,19.646,0.2269,,,,,
47,5.000,-15.000,220.262,-0.607,12.027,42.948,116.964,153.458,91.814,29.124,210.251,99241.705,28.2,10,-0.1656,-1.0294,-0.0453,-0.3395,0.0564,19.609,1.3629,,,,,
48,10.000,-15.000,222.133,-0.685,8.925,58.612,144.704,154.383,62.316,11.437,210.270,99240.867,28.2,10,-0.5465,-1.0420,-0.0532,-0.3325,0.0566,19.696,2.0639,,,,,
49,15.000,-15.000,223.852,-0.715,-5.825,72.300,166.426,146.228,26.536,-14.292,205.829,99241.172,28.2,10,-0.9300,-1.0409,-0.0803,-0.2936,0.0568,19.773,1.2227,,,,,
50,20.000,-15.000,221.369,-0.700,-33.318,80.725,180.875,126.838,-16.924,-42.976,193.034,99242.570,28.2,10,-1.2905,-1.0348,-0.1276,-0.2247,0.0565,19.663,0.5596,,,,,
51,25.000,-15.000,221.056,-0.745,-68.090,87.468,193.112,100.447,-64.354,-72.337,175.226,99240.305,28.2,10,-1.6518,-1.0300,-0.2066,-0.1358,0.0565,19.651,0.5743,,,,,
52,30.000,-15.000,222.189,-0.764,-106.109,93.584,203.694,68.189,-111.755,-101.898,154.016,99239.148,28.2,10,-2.0150,-1.0220,-0.3058,-0.0376,0.0566,19.703,0.6739,,,,,
53,-30.000,-10.000,221.021,-0.780,-70.605,-75.103,-52.974,23.283,198.061,131.061,126.415,99239.722,28.2,10,2.6188,-0.9157,-0.4265,-0.1190,0.0565,19.652,1.8873,,,,,
54,-25.000,-10.000,218.780,-0.526,-41.718,-57.251,-57.554,53.949,194.682,122.088,152.059,99239.755,28.2,10,2.1414,-0.7552,-0.3042,-0.1652,0.0562,19.542,1.1176,,,,,
55,-20.000,-10.000,221.182,-0.552,-8.468,-31.023,-26.486,84.465,186.463,115.764,178.149,99239.523,28.3,10,1.6656,-0.6980,-0.1941,-0.2436,0.0565,19.650,1.2532,,,,,
56,-15.000,-10.000,220.474,-0.569,16.258,-9.658,4.212,104.673,171.926,104.450,194.995,99239.523,28.3,10,1.2547,-0.6636,-0.1153,-0.2980,0.0564,19.619,1.1807,,,,,
57,-10.000,-10.000,220.077,-0.713,30.725,8.740,31.904,118.124,155.042,89.647,205.810,99239.008,28.3,10,0.8828,-0.6578,-0.0646,-0.3310,0.0564,19.608,0.4951,,,,,
58,-5.000,-10.000,220.537,-0.601,35.856,28.192,59.790,126.725,135.994,76.018,212.445,99240.406,28.3,10,0.5291,-0.6731,-0.0366,-0.3513,0.0564,19.624,0.9975,,,,,
59,0.000,-10.000,222.852,-0.634,39.254,49.152,88.839,131.561,116.049,67.683,218.308,99241.188,28.3,10,0.1939,-0.6672,-0.0203,-0.3701,0.0567,19.728,0.8132,,,,,
60,5.000,-10.000,220.863,-0.726,38.568,64.285,112.610,131.331,89.090,49.325,217.537,99237.898,28.3,10,-0.1626,-0.6673,-0.0150,-0.3682,0.0565,19.645,1.2218,,,,,
61,10.000,-10.000,221.148,-0.799,31.607,80.027,136.254,129.227,60.421,21.422,216.290,99239.322,28.3,10,-0.5552,-0.6926,-0.0219,-0.3482,0.0565,19.661,0.8683,,,,,
62,15.000,-10.000,221.529,-0.674,14.341,95.430,155.688,118.076,26.410,-7.058,210.364,99238.470,28.3,10,-0.9343,-0.7010,-0.0503,-0.3052,0.0565,19.672,0.7497,,,,,
63,20.000,-10.000,222.193,-0.507,-8.039,110.900,172.549,98.704,-10.996,-30.884,201.429,99238.269,28.3,10,-1.2860,-0.6733,-0.0932,-0.2509,0.0566,19.694,1.3790,,,,,
64,25.000,-10.000,220.319,-0.396,-43.684,119.127,185.286,70.315,-56.764,-62.578,183.961,99238.244,28.3,10,-1.6455,-0.6725,-0.1647,-0.1617,0.0563,19.607,0.6663,,,,,P7-P3
65,30.000,-10.000,219.373,-0.703,-84.298,125.573,195.069,33.044,-105.320,-98.318,159.956,99238.203,28.3,10,-2.0315,-0.6648,-0.2700,-0.0530,0.0563,19.579,0.9358,,,,,
66,-30.000,-5.000,220.313,-0.560,-42.650,-74.847,-45.270,-8.243,185.880,161.353,133.629,99238.453,28.3,10,2.5880,-0.3930,-0.3925,-0.1355,0.0564,19.614,0.6251,,,,,
67,-25.000,-5.000,221.215,-0.590,-11.029,-49.986,-44.787,25.204,184.892,154.806,160.969,99237.122,28.4,10,2.1297,-0.3049,-0.2716,-0.1974,0.0565,19.656,0.6554,,,,,
68,-20.000,-5.000,217.779,-0.607,14.466,-26.539,-22.775,53.307,171.961,140.801,181.089,99238.288,28.4,10,1.6606,-0.2982,-0.1680,-0.2556,0.0560,19.504,0.4674,,,,,
69,-15.000,-5.000,221.121,-0.678,39.218,-0.708,6.581,78.058,160.898,129.724,200.169,99237.598,28.4,10,1.2530,-0.2951,-0.0945,-0.3140,0.0565,19.656,1.5995,,,,,
70,-10.000,-5.000,222.035,-0.770,54.956,21.802,32.105,93.676,145.376,115.035,211.241,99237.051,28.4,10,0.8892,-0.2936,-0.0484,-0.3498,0.0566,19.701,1.5168,,,,,
71,-5.000,-5.000,222.061,-0.537,61.823,44.734,57.050,102.179,125.832,100.490,217.703,99237.249,28.4,10,0.5299,-0.2908,-0.0196,-0.3709,0.0566,19.692,1.6501,,,,,
72,0.000,-5.000,220.287,-0.634,64.252,64.664,79.592,105.469,103.994,83.559,218.817,99236.230,28.4,10,0.1849,-0.2904,-0.0067,-0.3812,0.0564,19.618,0.5354,,,,,
73,5.000,-5.000,219.123,-0.588,62.817,80.050,100.546,105.379,80.841,58.194,218.222,99239.281,28.4,10,-0.1753,-0.3123,-0.0041,-0.3727,0.0562,19.564,0.6331,,,,,
74,10.000,-5.000,221.867,-0.510,56.280,100.562,124.863,101.970,57.279,32.636,219.302,99240.531,28.4,10,-0.5574,-0.3332,-0.0115,-0.3572,0.0566,19.683,0.6950,,,,,
75,15.000,-5.000,220.983,-0.564,38.710,117.737,144.540,90.318,27.256,8.333,214.431,99238.578,28.4,10,-0.9134,-0.3465,-0.0296,-0.3237,0.0565,19.646,0.3309,,,,,
76,20.000,-5.000,223.492,-0.623,16.740,135.629,163.985,70.962,-7.543,-19.841,205.917,99236.750,28.4,10,-1.2937,-0.3406,-0.0784,-0.2704,0.0568,19.760,0.9552,,,,,
77,25.000,-5.000,220.914,-0.628,-16.531,146.394,175.572,39.466,-50.876,-57.848,188.376,99237.745,28.4,10,-1.6687,-0.3314,-0.1469,-0.1805,0.0565,19.647,1.1979,,,,,
78,30.000,-5.000,221.990,-0.414,-56.552,155.782,187.043,0.655,-96.952,-100.943,165.620,99237.920,28.4,10,-2.0704,-0.3309,-0.2535,-0.0686,0.0566,19.685,0.8151,,,,,
79,-30.000,0.000,221.990,-0.508,-12.981,-81.639,-41.486,-37.139,168.467,184.088,137.319,99237.367,28.4,10,2.5563,0.0738,-0.3805,-0.1366,0.0566,19.690,0.6424,,,,,
80,-25.000,0.000,221.648,-0.632,16.249,-54.642,-43.442,-3.638,167.685,176.168,162.844,99236.891,28.5,10,2.1302,0.1031,-0.2646,-0.1966,0.0565,19.680,0.2587,,,,,
81,-20.000,0.000,218.734,-0.388,42.715,-25.237,-23.474,25.746,155.269,162.635,183.615,99237.273,28.5,10,1.6622,0.1035,-0.1603,-0.2586,0.0561,19.541,1.1271,,,,,
82,-15.000,0.000,222.346,-0.525,65.171,4.642,3.261,52.248,145.819,150.675,202.279,99236.547,28.5,10,1.2625,0.0810,-0.0900,-0.3178,0.0566,19.707,1.1083,,,,,
83,-10.000,0.000,221.325,-0.442,78.196,27.830,22.837,66.031,129.050,133.804,211.014,99237.344,28.5,10,0.9093,0.0843,-0.0465,-0.3460,0.0565,19.658,1.5559,,,,,
84,-5.000,0.000,220.563,-0.575,84.663,53.226,45.066,76.442,111.086,115.086,216.882,99238.078,28.5,10,0.5431,0.0701,-0.0166,-0.3686,0.0564,19.631,0.7705,,,,,
85,0.000,0.000,220.429,-0.586,89.386,78.821,68.152,81.105,90.634,93.637,219.869,99237.929,28.5,10,0.1581,0.0740,-0.0025,-0.3810,0.0564,19.626,0.6485,,,,,
86,5.000,0.000,219.869,-0.377,87.221,97.565,88.047,80.078,69.850,70.847,219.806,99238.905,28.5,10,-0.1885,0.0601,-0.0003,-0.3752,0.0563,19.592,0.5724,,,,,
87,10.000,0.000,221.258,-0.467,79.198,118.094,111.531,75.695,46.927,49.752,219.960,99236.666,28.5,10,-0.5492,0.0391,-0.0059,-0.3638,0.0565,19.658,0.9437,,,,,
88,15.000,0.000,220.768,-0.592,62.326,135.939,130.750,62.783,19.621,22.051,213.996,99237.121,28.5,10,-0.9165,0.0158,-0.0306,-0.3290,0.0564,19.642,0.4918,,,,,
89,20.000,0.000,220.148,-0.560,38.481,151.688,145.926,38.476,-14.662,-16.524,202.926,99235.565,28.5,10,-1.3029,0.0089,-0.0780,-0.2618,0.0563,19.613,0.7012,,,,,
90,25.000,0.000,219.229,-0.412,7.641,165.083,158.085,5.912,-52.748,-60.911,185.817,99237.582,28.5,10,-1.6967,0.0051,-0.1521,-0.1711,0.0562,19.566,0.2734,,,,,
91,30.000,0.000,221.704,-0.544,-29.297,177.247,168.999,-33.794,-94.461,-108.234,164.708,99237.875,28.5,10,-2.0947,0.0076,-0.2565,-0.0628,0.0565,19.682,1.0051,,,,,
92,-30.000,5.000,222.321,-0.510,16.506,-94.034,-46.614,-66.059,142.515,198.540,135.632,99237.823,28.5,10,2.5171,0.5241,-0.3890,-0.1151,0.0566,19.708,0.4386,,,,,
93,-25.000,5.000,222.356,-0.588,48.326,-64.495,-49.700,-33.271,140.644,191.810,161.400,99237.075,28.6,10,2.1048,0.5430,-0.2734,-0.1771,0.0566,19.713,0.8837,,,,,
94,-20.000,5.000,222.085,-0.650,73.262,-28.197,-29.392,1.164,133.767,179.715,184.219,99236.617,28.6,10,1.6586,0.4938,-0.1700,-0.2501,0.0566,19.704,0.7569,,,,,P7-P6
95,-15.000,5.000,223.507,-0.455,91.728,3.632,-6.768,27.031,123.411,164.817,200.418,99236.002,28.6,10,1.2638,0.4538,-0.1031,-0.3026,0.0568,19.759,0.9173,,,,,
96,-10.000,5.000,221.323,-0.528,102.330,30.413,11.524,41.706,107.694,145.683,209.346,99233.847,28.6,10,0.8968,0.4362,-0.0540,-0.3324,0.0565,19.666,0.6740,,,,,
97,-5.000,5.000,222.240,-0.513,110.676,60.385,33.654,53.291,94.533,128.024,217.117,99236.773,28.6,10,0.5415,0.4257,-0.0230,-0.3619,0.0566,19.706,0.7683,,,,,
98,0.000,5.000,223.103,-0.523,114.203,89.268,55.905,58.227,76.014,105.205,220.264,99235.750,28.6,10,0.1518,0.4242,-0.0127,-0.3741,0.0567,19.745,1.5485,,,,,
99,5.000,5.000,220.302,-0.476,110.371,111.565,72.550,53.588,50.434,79.526,217.873,99235.375,28.6,10,-0.2262,0.4382,-0.0110,-0.3630,0.0564,19.619,0.8777,,,,,
100,10.000,5.000,220.675,-0.685,102.072,133.898,93.135,47.508,26.170,54.698,216.640,99236.273,28.6,10,-0.6011,0.4236,-0.0182,-0.3475,0.0564,19.645,0.9036,,,,,
101,15.000,5.000,219.809,-0.292,85.990,150.895,111.148,33.095,-0.061,20.812,210.473,99234.398,28.6,10,-0.9709,0.3866,-0.0424,-0.3056,0.0563,19.589,1.4955,,,,,
102,20.000,5.000,221.229,-0.564,65.781,167.336,126.151,9.413,-27.266,-20.390,200.228,99234.892,28.6,10,-1.3424,0.3653,-0.0947,-0.2438,0.0565,19.665,0.5681,,,,,
103,25.000,5.000,222.182,-0.560,38.556,182.877,137.857,-23.457,-57.221,-67.613,184.654,99235.500,28.6,10,-1.7209,0.3538,-0.1685,-0.1604,0.0566,19.707,1.8093,,,,,P7-P2
104,30.000,5.000,222.240,-0.539,1.036,192.712,144.131,-65.045,-94.250,-117.916,160.592,99236.660,28.6,10,-2.1064,0.3479,-0.2767,-0.0478,0.0566,19.708,0.7882,,,,,
105,-30.000,10.000,220.762,-0.568,47.686,-109.355,-59.885,-94.573,106.881,205.739,128.352,99233.938,28.6,10,2.4780,0.9914,-0.4175,-0.0752,0.0564,19.645,0.8088,,,,,
106,-25.000,10.000,219.537,-0.484,74.402,-80.711,-65.311,-61.551,105.950,197.793,152.233,99236.859,28.7,10,2.0975,0.9379,-0.3059,-0.1314,0.0563,19.587,1.1004,,,,,
107,-20.000,10.000,220.224,-0.582,99.506,-39.880,-44.760,-26.220,100.862,186.969,175.936,99238.453,28.7,10,1.6560,0.8790,-0.2006,-0.2113,0.0564,19.622,0.7328,,,,,
108,-15.000,10.000,220.612,-0.481,115.943,-2.159,-22.362,1.403,91.997,171.274,192.270,99236.711,28.7,10,1.2500,0.8239,-0.1282,-0.2706,0.0564,19.635,1.4710,,,,,
109,-10.000,10.000,219.659,-0.561,126.737,28.410,-5.285,15.431,78.505,153.848,201.541,99234.617,28.7,10,0.8930,0.8173,-0.0823,-0.3035,0.0563,19.597,0.6558,,,,,
110,-5.000,10.000,220.650,-0.467,134.240,62.412,15.689,25.270,67.538,133.747,209.928,99238.809,28.7,10,0.5200,0.8063,-0.0485,-0.3329,0.0564,19.636,0.5173,,,,,
111,0.000,10.000,220.665,-0.542,135.522,93.597,34.988,27.237,52.030,106.884,212.567,99236.966,28.7,10,0.1273,0.7999,-0.0366,-0.3417,0.0564,19.641,0.9932,,,,,
112,5.000,10.000,220.360,-0.587,133.015,121.143,52.801,26.515,32.478,78.719,213.269,99235.300,28.7,10,-0.2603,0.7847,-0.0321,-0.3381,0.0564,19.629,0.2692,,,,,
113,10.000,10.000,220.934,-0.407,126.586,146.152,70.209,20.068,9.133,47.325,210.595,99236.698,28.7,10,-0.6562,0.7752,-0.0467,-0.3177,0.0564,19.647,0.5035,,,,,
114,15.000,10.000,220.459,-0.572,111.805,163.822,84.315,4.812,-16.938,10.461,203.373,99238.295,28.7,10,-1.0233,0.7446,-0.0773,-0.2727,0.0564,19.633,0.7493,,,,,
115,20.000,10.000,219.385,-0.516,91.686,177.700,95.960,-20.808,-43.199,-33.091,191.181,99237.319,28.7,10,-1.3794,0.7210,-0.1283,-0.2057,0.0562,19.584,0.9113,,,,,
116,25.000,10.000,221.230,-0.473,64.329,190.684,104.940,-56.442,-71.189,-83.457,174.089,99236.488,28.7,10,-1.7415,0.7034,-0.2126,-0.1140,0.0565,19.664,1.4843,,,,,
117,30.000,10.000,220.405,-0.458,29.035,200.535,109.606,-98.906,-102.940,-134.543,149.676,99237.930,28.7,10,-2.1189,0.7042,-0.3202,-0.0042,0.0564,19.627,0.4535,,,,,
118,-30.000,15.000,222.035,-0.358,79.583,-126.971,-77.176,-119.527,64.181,210.776,117.067,99237.727,28.7,10,2.4715,1.4743,-0.4720,-0.0247,0.0566,19.695,0.5404,,,,,
119,-25.000,15.000,221.050,-0.671,103.676,-95.420,-79.623,-85.468,65.948,203.538,142.386,99238.828,28.7,10,2.0763,1.3485,-0.3548,-0.0877,0.0565,19.665,0.7301,,,,,
120,-20.000,15.000,219.887,-0.391,125.845,-53.543,-62.099,-52.174,61.520,192.992,163.880,99237.977,28.8,10,1.6637,1.2872,-0.2543,-0.1626,0.0563,19.601,0.7422,,,,,
121,-15.000,15.000,221.773,-0.461,143.503,-10.050,-39.084,-23.562,55.814,179.697,182.416,99236.678,28.8,10,1.2510,1.2359,-0.1771,-0.2318,0.0565,19.689,0.6802,,,,,P7-P6
122,-10.000,15.000,223.969,-0.518,154.417,30.742,-17.242,-3.418,50.386,162.169,195.813,99234.746,28.8,10,0.8643,1.1918,-0.1254,-0.2822,0.0568,19.788,0.6551,,,,,
123,-5.000,15.000,219.292,-0.407,155.973,63.132,-2.853,-0.718,37.590,134.836,198.367,99235.765,28.8,10,0.4843,1.1882,-0.0952,-0.2962,0.0562,19.577,0.5739,,,,,
124,0.000,15.000,220.981,-0.690,159.923,98.274,13.330,-0.452,27.805,107.965,203.609,99237.242,28.8,10,0.1027,1.1926,-0.0784,-0.3090,0.0565,19.664,1.3306,,,,,
125,5.000,15.000,221.210,-0.421,157.816,128.546,27.956,-1.375,15.717,75.369,203.236,99236.570,28.8,10,-0.2779,1.1740,-0.0811,-0.3057,0.0565,19.663,1.1605,,,,,
126,10.000,15.000,218.743,-0.426,148.309,151.279,39.369,-8.898,-5.679,37.217,197.311,99237.922,28.8,10,-0.6703,1.1413,-0.0978,-0.2769,0.0561,19.553,0.5387,,,,,
127,15.000,15.000,220.605,-0.462,137.352,172.107,52.271,-22.583,-29.667,-1.286,191.754,99238.561,28.8,10,-1.0501,1.1114,-0.1305,-0.2344,0.0564,19.638,1.0499,,,,,
128,20.000,15.000,221.674,-0.287,120.439,188.043,59.870,-50.721,-58.030,-48.801,178.598,99240.048,28.8,10,-1.4276,1.1146,-0.1941,-0.1596,0.0565,19.678,1.0786,,,,,
129,25.000,15.000,219.202,-0.320,94.384,197.668,63.852,-86.285,-85.802,-98.882,159.422,99240.246,28.8,10,-1.7734,1.1062,-0.2723,-0.0659,0.0562,19.570,0.7182,,,,,
130,30.000,15.000,219.438,-0.423,59.354,205.421,66.540,-128.380,-116.111,-150.962,135.053,99240.322,28.8,10,-2.1354,1.0967,-0.3838,0.0467,0.0562,19.585,0.8419,,,,,
131,-30.000,20.000,222.156,-0.472,109.073,-141.954,-92.473,-138.888,15.862,212.531,100.168,99240.188,28.8,10,2.5174,2.0196,-0.5479,0.0247,0.0566,19.708,0.3100,,,,,
132,-25.000,20.000,219.729,-0.420,130.332,-110.179,-95.001,-107.962,18.369,205.383,124.340,99241.117,28.8,10,2.1073,1.8392,-0.4333,-0.0329,0.0563,19.598,0.8094,,,,,
133,-20.000,20.000,219.407,-0.318,149.868,-66.379,-79.251,-76.589,15.128,194.183,145.682,99240.773,28.8,10,1.6680,1.7496,-0.3355,-0.1053,0.0562,19.580,0.8904,,,,,
134,-15.000,20.000,221.002,-0.274,164.390,-20.748,-59.772,-48.723,12.248,178.909,163.635,99240.023,28.9,10,1.2457,1.6728,-0.2593,-0.1717,0.0564,19.649,0.7501,,,,,
135,-10.000,20.000,221.444,-0.466,173.608,22.853,-41.100,-30.889,7.862,158.938,176.705,99241.250,28.9,10,0.8336,1.6230,-0.2016,-0.2209,0.0565,19.677,0.7853,,,,,P7-P1
136,-5.000,20.000,219.682,-0.367,176.955,61.060,-26.265,-26.768,2.338,133.379,183.533,99238.363,28.9,10,0.4479,1.6036,-0.1643,-0.2446,0.0563,19.595,1.3886,,,,,
137,0.000,20.000,220.604,-0.308,178.496,97.048,-14.462,-27.914,-4.996,102.541,186.212,99235.958,28.9,10,0.0659,1.6067,-0.1557,-0.2509,0.0564,19.634,0.3582,,,,,
138,5.000,20.000,219.816,-0.426,176.315,127.326,-6.317,-32.104,-14.532,66.931,184.875,99236.988,28.9,10,-0.3002,1.5966,-0.1586,-0.2423,0.0563,19.604,0.8120,,,,,
139,10.000,20.000,220.342,-0.322,170.784,154.247,3.207,-38.080,-28.352,27.513,180.109,99238.797,28.9,10,-0.6929,1.5787,-0.1823,-0.2200,0.0563,19.623,0.9506,,,,,
140,15.000,20.000,219.524,-0.381,159.912,174.415,10.573,-53.138,-51.334,-16.025,171.401,99238.331,28.9,10,-1.0873,1.5553,-0.2188,-0.1718,0.0562,19.589,0.7170,,,,,P7-P2
141,20.000,20.000,216.843,-0.399,141.139,187.745,14.146,-80.030,-79.398,-65.108,155.931,99238.577,28.9,10,-1.4686,1.5426,-0.2804,-0.0927,0.0559,19.471,0.5276,,,,,
142,25.000,20.000,222.209,-0.399,124.277,203.715,21.830,-108.298,-97.828,-110.217,141.880,99239.062,28.9,10,-1.8366,1.5521,-0.3609,-0.0269,0.0566,19.710,0.5641,,,,,
143,30.000,20.000,219.905,-0.453,93.216,209.336,18.056,-149.745,-125.019,-162.804,115.560,99237.438,28.9,10,-2.2025,1.5782,-0.4735,0.0864,0.0563,19.610,0.8219,,,,,
144,-30.000,25.000,219.872,-0.428,132.973,-156.557,-111.053,-157.844,-35.379,210.078,75.890,99236.178,28.9,10,2.6734,2.7275,-0.6536,0.0872,0.0563,19.608,0.8306,,,,,
145,-25.000,25.000,219.150,-0.472,153.194,-124.676,-113.681,-130.399,-35.272,202.623,99.794,99235.246,28.9,10,2.1723,2.4548,-0.5435,0.0344,0.0562,19.578,1.2200,,,,,
146,-20.000,25.000,218.517,-0.429,170.163,-79.042,-101.071,-99.944,-34.977,190.393,122.231,99237.913,28.9,10,1.6897,2.2900,-0.4398,-0.0366,0.0561,19.548,1.2050,,,,,
147,-15.000,25.000,219.236,-0.397,182.896,-32.620,-86.308,-74.602,-36.188,174.108,140.094,99237.434,28.9,10,1.2474,2.1842,-0.3603,-0.0984,0.0562,19.579,0.8567,,,,,
148,-10.000,25.000,218.947,-0.053,189.155,11.166,-73.443,-60.362,-39.320,150.939,151.642,99237.759,29.0,10,0.8233,2.1153,-0.3073,-0.1358,0.0561,19.551,0.6550,,,,,
149,-5.000,25.000,219.692,-0.418,193.352,54.399,-60.617,-57.323,-42.341,123.968,160.741,99236.891,29.0,10,0.4041,2.0788,-0.2678,-0.1620,0.0563,19.601,0.9294,,,,,
150,0.000,25.000,220.396,-0.330,193.176,89.752,-53.230,-59.287,-47.735,92.309,163.340,99237.430,29.0,10,0.0365,2.0599,-0.2585,-0.1638,0.0563,19.628,0.7223,,,,,
151,5.000,25.000,221.713,-0.371,194.090,124.241,-43.548,-59.317,-52.147,58.203,163.959,99236.031,29.0,10,-0.3392,2.0596,-0.2601,-0.1679,0.0565,19.689,0.7878,,,,,
152,10.000,25.000,220.495,-0.442,188.538,151.072,-38.582,-65.586,-64.413,16.073,158.024,99236.567,29.0,10,-0.7321,2.0456,-0.2828,-0.1431,0.0564,19.638,0.6714,,,,,
153,15.000,25.000,220.894,-0.238,180.305,172.939,-35.518,-82.404,-84.228,-30.925,146.825,99237.277,29.0,10,-1.1501,2.0694,-0.3350,-0.0916,0.0564,19.647,0.9594,,,,,
154,20.000,25.000,219.679,-0.384,165.173,189.303,-32.635,-105.444,-105.755,-78.871,133.117,99237.369,29.0,10,-1.5416,2.0603,-0.3933,-0.0258,0.0563,19.600,1.3599,,,,,
155,25.000,25.000,219.985,-0.318,145.818,200.675,-33.000,-133.456,-126.141,-127.048,113.545,99238.038,29.0,10,-1.9325,2.0978,-0.4832,0.0539,0.0563,19.610,0.4929,,,,,
156,30.000,25.000,221.174,-0.281,120.904,210.211,-31.108,-164.976,-143.662,-173.536,92.390,99237.602,29.0,10,-2.3343,2.1268,-0.5815,0.1358,0.0564,19.662,0.3302,,,,,
157,-30.000,30.000,221.049,-0.376,155.183,-167.762,-133.459,-173.096,-88.993,204.947,48.424,99235.516,29.0,10,2.9270,3.7114,-0.7796,0.1512,0.0564,19.661,0.8005,,,,,
158,-25.000,30.000,218.933,-0.324,172.217,-135.506,-136.267,-148.443,-86.769,196.119,72.446,99237.992,29.0,10,2.3028,3.2267,-0.6681,0.1039,0.0562,19.565,0.8605,,,,,
159,-20.000,30.000,219.220,-0.066,186.930,-89.543,-126.328,-122.554,-84.519,183.032,96.465,99237.508,29.0,10,1.7238,2.9229,-0.5598,0.0400,0.0562,19.566,1.4708,,,,,P1-P6
160,-15.000,30.000,221.745,-0.448,199.638,-42.300,-114.213,-99.826,-83.838,166.093,114.427,99236.661,29.0,10,1.2513,2.7860,-0.4830,-0.0212,0.0565,19.696,1.1951,,,,,
161,-10.000,30.000,219.929,-0.329,203.234,0.499,-105.332,-87.910,-85.102,141.419,125.270,99235.427,29.0,10,0.8152,2.6712,-0.4298,-0.0520,0.0563,19.610,0.5057,,,,,
162,-5.000,30.000,219.388,-0.412,204.248,42.170,-98.769,-85.979,-88.784,110.623,131.603,99233.967,29.0,10,0.3848,2.6081,-0.3994,-0.0652,0.0562,19.590,0.6785,,,,,
163,0.000,30.000,220.165,-0.327,205.207,80.360,-93.528,-87.204,-92.684,77.981,134.685,99233.241,29.1,10,-0.0074,2.5889,-0.3877,-0.0696,0.0563,19.621,0.3950,,,,,
164,5.000,30.000,218.804,-0.418,202.637,112.650,-89.572,-89.908,-97.848,40.406,133.784,99235.738,29.1,10,-0.3851,2.5556,-0.3878,-0.0615,0.0562,19.565,1.0670,,,,,
165,10.000,30.000,221.213,-0.459,201.213,143.502,-84.371,-93.324,-106.354,-0.960,128.542,99235.405,29.1,10,-0.8103,2.5925,-0.4181,-0.0470,0.0565,19.674,0.3292,,,,,
166,15.000,30.000,220.003,-0.273,193.280,166.118,-82.935,-108.473,-121.279,-47.684,116.964,99233.898,29.1,10,-1.2429,2.6358,-0.4678,-0.0005,0.0563,19.612,1.6736,,,,,
167,20.000,30.000,219.282,-0.234,180.657,183.409,-81.790,-129.035,-136.608,-94.074,102.836,99235.258,29.1,10,-1.6576,2.6700,-0.5305,0.0577,0.0562,19.578,0.8102,,,,,P1-P2
168,25.000,30.000,220.068,-0.222,164.218,197.238,-80.183,-151.422,-152.324,-140.251,86.829,99234.430,29.1,10,-2.0755,2.6935,-0.6048,0.1221,0.0563,19.613,1.1555,,,,,
169,30.000,30.000,222.040,-0.414,142.147,206.534,-80.689,-177.508,-167.352,-185.165,65.275,99232.438,29.1,10,-2.5350,2.7803,-0.7047,0.1945,0.0566,19.709,0.9702,,,,,
