timestamp,deviceId,channelIndex,value
1779952092834,sim-1,0,-8.323981
1779952092834,sim-1,1,-7.773554
1779952092834,sim-1,2,9.616053
1779952092834,sim-1,3,6.288191
1779952092834,sim-1,4,-8.850720
1779952092834,sim-1,5,2.108495
1779952092834,sim-1,6,-0.112634
1779952092834,sim-1,7,-4.844955
1779952092834,sim-1,8,0.450480
1779952092834,sim-1,9,3.720232
1779952092834,sim-1,10,7.644649
1779952092834,sim-1,11,-6.336336
1779952092834,sim-1,12,3.963692
1779952092834,sim-1,13,1.986962
1779952092834,sim-1,14,9.697448
1779952092834,sim-1,15,-6.698738
1779952092834,sim-1,16,101.387121
1779952092834,sim-1,17,22.513296
1779952092883,sim-1,0,4.238925
1779952092883,sim-1,1,0.637495
1779952092883,sim-1,2,9.117813
1779952092883,sim-1,3,-8.130152
1779952092883,sim-1,4,2.990479
1779952092883,sim-1,5,7.759392
1779952092883,sim-1,6,7.465798
1779952092883,sim-1,7,3.657512
1779952092883,sim-1,8,-2.556931
1779952092883,sim-1,9,1.807716
1779952092883,sim-1,10,2.789519
1779952092883,sim-1,11,4.741126
1779952092883,sim-1,12,-9.480429
1779952092883,sim-1,13,-8.773056
1779952092883,sim-1,14,-2.426374
1779952092883,sim-1,15,5.113261
1779952092883,sim-1,16,101.305188
1779952092883,sim-1,17,22.504923
1779952092933,sim-1,0,9.388129
1779952092933,sim-1,1,-4.468696
1779952092933,sim-1,2,2.764632
1779952092933,sim-1,3,-1.401924
1779952092933,sim-1,4,9.603460
1779952092933,sim-1,5,-4.405520
1779952092933,sim-1,6,8.957170
1779952092933,sim-1,7,-0.087153
1779952092933,sim-1,8,-7.706060
1779952092933,sim-1,9,-4.107205
1779952092933,sim-1,10,-3.309203
1779952092933,sim-1,11,-9.427505
1779952092933,sim-1,12,-5.238523
1779952092933,sim-1,13,-7.011973
1779952092933,sim-1,14,-1.978157
1779952092933,sim-1,15,4.780838
1779952092933,sim-1,16,101.347735
1779952092933,sim-1,17,22.497265
1779952092983,sim-1,0,0.873961
1779952092983,sim-1,1,0.481635
1779952092983,sim-1,2,4.095383
1779952092983,sim-1,3,-5.748726
1779952092983,sim-1,4,0.836121
1779952092983,sim-1,5,6.390623
1779952092983,sim-1,6,-3.618962
1779952092983,sim-1,7,8.819580
1779952092983,sim-1,8,-0.970660
1779952092983,sim-1,9,-6.785415
1779952092983,sim-1,10,-1.932215
1779952092983,sim-1,11,-7.539526
1779952092983,sim-1,12,-5.300665
1779952092983,sim-1,13,-4.528970
1779952092983,sim-1,14,-9.222876
1779952092983,sim-1,15,-4.058331
1779952092983,sim-1,16,101.403168
1779952092983,sim-1,17,22.509766
1779952093033,sim-1,0,-7.810322
1779952093033,sim-1,1,2.903940
1779952093033,sim-1,2,3.011777
1779952093033,sim-1,3,8.775860
1779952093033,sim-1,4,0.592681
1779952093033,sim-1,5,-1.692259
1779952093033,sim-1,6,8.856708
1779952093033,sim-1,7,8.838239
1779952093033,sim-1,8,-9.073679
1779952093033,sim-1,9,-9.992345
1779952093033,sim-1,10,-3.238758
1779952093033,sim-1,11,-6.793102
1779952093033,sim-1,12,-6.741927
1779952093033,sim-1,13,1.326867
1779952093033,sim-1,14,3.622690
1779952093033,sim-1,15,-0.044529
1779952093033,sim-1,16,101.318541
1779952093033,sim-1,17,22.508736
1779952093083,sim-1,0,-9.969670
1779952093083,sim-1,1,-4.043111
1779952093083,sim-1,2,9.291852
1779952093083,sim-1,3,-4.338888
1779952093083,sim-1,4,2.238478
1779952093083,sim-1,5,1.906712
1779952093083,sim-1,6,-7.399258
1779952093083,sim-1,7,5.465364
1779952093083,sim-1,8,-3.767227
1779952093083,sim-1,9,4.459135
1779952093083,sim-1,10,-6.675119
1779952093083,sim-1,11,6.644201
1779952093083,sim-1,12,2.428505
1779952093083,sim-1,13,8.522903
1779952093083,sim-1,14,-3.031626
1779952093083,sim-1,15,6.275439
1779952093083,sim-1,16,101.377807
1779952093083,sim-1,17,22.502837
1779952093134,sim-1,0,-6.685131
1779952093134,sim-1,1,7.836241
1779952093134,sim-1,2,-4.411563
1779952093134,sim-1,3,4.235539
1779952093134,sim-1,4,3.729910
1779952093134,sim-1,5,-4.779142
1779952093134,sim-1,6,8.718765
1779952093134,sim-1,7,-5.557789
1779952093134,sim-1,8,-9.064454
1779952093134,sim-1,9,4.307144
1779952093134,sim-1,10,5.335126
1779952093134,sim-1,11,-4.577432
1779952093134,sim-1,12,-5.012353
1779952093134,sim-1,13,6.824814
1779952093134,sim-1,14,-2.025936
1779952093134,sim-1,15,-6.677064
1779952093134,sim-1,16,101.482420
1779952093134,sim-1,17,22.459530
1779952093184,sim-1,0,-8.850320
1779952093184,sim-1,1,3.871537
1779952093184,sim-1,2,2.522654
1779952093184,sim-1,3,-1.308226
1779952093184,sim-1,4,8.869123
1779952093184,sim-1,5,5.007636
1779952093184,sim-1,6,-2.186232
1779952093184,sim-1,7,0.175188
1779952093184,sim-1,8,8.083831
1779952093184,sim-1,9,-9.724094
1779952093184,sim-1,10,-7.637456
1779952093184,sim-1,11,-6.061924
1779952093184,sim-1,12,9.794496
1779952093184,sim-1,13,0.894855
1779952093184,sim-1,14,7.073163
1779952093184,sim-1,15,4.031012
1779952093184,sim-1,16,101.491490
1779952093184,sim-1,17,22.489424
1779952093234,sim-1,0,-4.989635
1779952093234,sim-1,1,-7.704816
1779952093234,sim-1,2,1.159247
1779952093234,sim-1,3,-9.288347
1779952093234,sim-1,4,8.857086
1779952093234,sim-1,5,2.972137
1779952093234,sim-1,6,3.521198
1779952093234,sim-1,7,8.877543
1779952093234,sim-1,8,8.587141
1779952093234,sim-1,9,-0.101533
1779952093234,sim-1,10,-1.364091
1779952093234,sim-1,11,9.987175
1779952093234,sim-1,12,6.376464
1779952093234,sim-1,13,-2.386967
1779952093234,sim-1,14,1.733517
1779952093234,sim-1,15,7.580218
1779952093234,sim-1,16,101.488213
1779952093234,sim-1,17,22.484445
1779952093284,sim-1,0,-3.651756
1779952093284,sim-1,1,-2.444218
1779952093284,sim-1,2,1.657215
1779952093284,sim-1,3,1.842813
1779952093284,sim-1,4,-1.393857
1779952093284,sim-1,5,-6.760388
1779952093284,sim-1,6,2.954089
1779952093284,sim-1,7,1.719737
1779952093284,sim-1,8,4.244801
1779952093284,sim-1,9,-8.001764
1779952093284,sim-1,10,-9.434144
1779952093284,sim-1,11,-6.343150
1779952093284,sim-1,12,-3.023304
1779952093284,sim-1,13,5.218219
1779952093284,sim-1,14,5.442962
1779952093284,sim-1,15,-7.351918
1779952093284,sim-1,16,101.484310
1779952093284,sim-1,17,22.513291
1779952093333,sim-1,0,5.830942
1779952093333,sim-1,1,-6.543190
1779952093333,sim-1,2,7.825870
1779952093333,sim-1,3,1.405371
1779952093333,sim-1,4,-7.146225
1779952093333,sim-1,5,8.392765
1779952093333,sim-1,6,-2.542190
1779952093333,sim-1,7,-3.638707
1779952093333,sim-1,8,-9.542833
1779952093333,sim-1,9,5.325722
1779952093333,sim-1,10,-5.400783
1779952093333,sim-1,11,9.175363
1779952093333,sim-1,12,0.716089
1779952093333,sim-1,13,5.054794
1779952093333,sim-1,14,-4.893401
1779952093333,sim-1,15,4.208110
1779952093333,sim-1,16,101.442033
1779952093333,sim-1,17,22.536761
1779952093384,sim-1,0,-2.875095
1779952093384,sim-1,1,2.796711
1779952093384,sim-1,2,-7.200091
1779952093384,sim-1,3,-3.253892
1779952093384,sim-1,4,-3.947628
1779952093384,sim-1,5,5.737465
1779952093384,sim-1,6,-8.823667
1779952093384,sim-1,7,-9.106809
1779952093384,sim-1,8,-5.859800
1779952093384,sim-1,9,2.781012
1779952093384,sim-1,10,0.570849
1779952093384,sim-1,11,-4.015370
1779952093384,sim-1,12,8.956779
1779952093384,sim-1,13,-5.652424
1779952093384,sim-1,14,5.597068
1779952093384,sim-1,15,4.205911
1779952093384,sim-1,16,101.379461
1779952093384,sim-1,17,22.508278
1779952093434,sim-1,0,-4.776378
1779952093434,sim-1,1,4.007107
1779952093434,sim-1,2,8.326584
1779952093434,sim-1,3,-2.412885
1779952093434,sim-1,4,9.306887
1779952093434,sim-1,5,-5.863242
1779952093434,sim-1,6,-9.921181
1779952093434,sim-1,7,-4.778600
1779952093434,sim-1,8,3.492969
1779952093434,sim-1,9,2.485641
1779952093434,sim-1,10,-9.970318
1779952093434,sim-1,11,6.688696
1779952093434,sim-1,12,-4.129401
1779952093434,sim-1,13,-4.363537
1779952093434,sim-1,14,-8.579048
1779952093434,sim-1,15,-7.988268
1779952093434,sim-1,16,101.524286
1779952093434,sim-1,17,22.542304
1779952093484,sim-1,0,1.500471
1779952093484,sim-1,1,-4.708371
1779952093484,sim-1,2,-7.071163
1779952093484,sim-1,3,6.330731
1779952093484,sim-1,4,-8.780081
1779952093484,sim-1,5,-2.458873
1779952093484,sim-1,6,-1.555201
1779952093484,sim-1,7,-7.330554
1779952093484,sim-1,8,-9.090956
1779952093484,sim-1,9,-9.135765
1779952093484,sim-1,10,4.504146
1779952093484,sim-1,11,-3.218498
1779952093484,sim-1,12,8.912098
1779952093484,sim-1,13,6.963047
1779952093484,sim-1,14,0.284458
1779952093484,sim-1,15,-2.034592
1779952093484,sim-1,16,101.388130
1779952093484,sim-1,17,22.524894
1779952093533,sim-1,0,-0.069920
1779952093533,sim-1,1,7.935436
1779952093533,sim-1,2,0.028766
1779952093533,sim-1,3,6.248860
1779952093533,sim-1,4,-5.603721
1779952093533,sim-1,5,-2.094866
1779952093533,sim-1,6,8.476284
1779952093533,sim-1,7,8.936014
1779952093533,sim-1,8,7.904795
1779952093533,sim-1,9,-4.641220
1779952093533,sim-1,10,-9.128351
1779952093533,sim-1,11,2.680029
1779952093533,sim-1,12,-3.006024
1779952093533,sim-1,13,-2.707133
1779952093533,sim-1,14,0.105809
1779952093533,sim-1,15,-4.850489
1779952093533,sim-1,16,101.468190
1779952093533,sim-1,17,22.557929
1779952093583,sim-1,0,-7.879275
1779952093583,sim-1,1,-8.482230
1779952093583,sim-1,2,-0.170992
1779952093583,sim-1,3,-6.006562
1779952093583,sim-1,4,8.699235
1779952093583,sim-1,5,-1.883467
1779952093583,sim-1,6,9.363762
1779952093583,sim-1,7,3.342363
1779952093583,sim-1,8,7.070335
1779952093583,sim-1,9,-5.926347
1779952093583,sim-1,10,5.792537
1779952093583,sim-1,11,5.371456
1779952093583,sim-1,12,-3.272636
1779952093583,sim-1,13,6.774661
1779952093583,sim-1,14,-0.945681
1779952093583,sim-1,15,-9.252527
1779952093583,sim-1,16,101.456275
1779952093583,sim-1,17,22.507807
1779952093633,sim-1,0,-0.256536
1779952093633,sim-1,1,-0.405297
1779952093633,sim-1,2,-8.330745
1779952093633,sim-1,3,9.819072
1779952093633,sim-1,4,-4.790358
1779952093633,sim-1,5,-2.062462
1779952093633,sim-1,6,-8.031338
1779952093633,sim-1,7,7.591646
1779952093633,sim-1,8,-8.483041
1779952093633,sim-1,9,-9.098745
1779952093633,sim-1,10,9.239948
1779952093633,sim-1,11,1.651197
1779952093633,sim-1,12,8.975075
1779952093633,sim-1,13,-8.391861
1779952093633,sim-1,14,-7.740118
1779952093633,sim-1,15,-9.876265
1779952093633,sim-1,16,101.482110
1779952093633,sim-1,17,22.511353
1779952093683,sim-1,0,6.669970
1779952093683,sim-1,1,3.126284
1779952093683,sim-1,2,5.859949
1779952093683,sim-1,3,-2.826411
1779952093683,sim-1,4,-9.653102
1779952093683,sim-1,5,6.153997
1779952093683,sim-1,6,1.995643
1779952093683,sim-1,7,5.411971
1779952093683,sim-1,8,5.696813
1779952093683,sim-1,9,-4.301271
1779952093683,sim-1,10,9.860677
1779952093683,sim-1,11,-9.548964
1779952093683,sim-1,12,-6.105139
1779952093683,sim-1,13,-9.258625
1779952093683,sim-1,14,-2.731543
1779952093683,sim-1,15,-6.352443
1779952093683,sim-1,16,101.482634
1779952093683,sim-1,17,22.507910
1779952093734,sim-1,0,-0.798009
1779952093734,sim-1,1,-2.582463
1779952093734,sim-1,2,-5.432045
1779952093734,sim-1,3,0.201225
1779952093734,sim-1,4,5.472348
1779952093734,sim-1,5,-5.177934
1779952093734,sim-1,6,5.482552
1779952093734,sim-1,7,-0.704365
1779952093734,sim-1,8,2.049883
1779952093734,sim-1,9,-5.293687
1779952093734,sim-1,10,-7.551471
1779952093734,sim-1,11,-3.589740
1779952093734,sim-1,12,7.891438
1779952093734,sim-1,13,-2.530413
1779952093734,sim-1,14,-5.393297
1779952093734,sim-1,15,7.476318
1779952093734,sim-1,16,101.586349
1779952093734,sim-1,17,22.543187
1779952093783,sim-1,0,1.638709
1779952093783,sim-1,1,5.223127
1779952093783,sim-1,2,-7.034035
1779952093783,sim-1,3,-2.162338
1779952093783,sim-1,4,-0.639461
1779952093783,sim-1,5,9.588063
1779952093783,sim-1,6,-6.910191
1779952093783,sim-1,7,-1.653860
1779952093783,sim-1,8,-4.410623
1779952093783,sim-1,9,7.600105
1779952093783,sim-1,10,-4.171138
1779952093783,sim-1,11,8.483631
1779952093783,sim-1,12,-9.119262
1779952093783,sim-1,13,-3.014915
1779952093783,sim-1,14,-8.194759
1779952093783,sim-1,15,9.094954
1779952093783,sim-1,16,101.577992
1779952093783,sim-1,17,22.541343
1779952093834,sim-1,0,4.870472
1779952093834,sim-1,1,-0.804175
1779952093834,sim-1,2,7.511511
1779952093834,sim-1,3,5.227331
1779952093834,sim-1,4,7.532295
1779952093834,sim-1,5,4.331577
1779952093834,sim-1,6,-7.703192
1779952093834,sim-1,7,-7.699222
1779952093834,sim-1,8,6.774623
1779952093834,sim-1,9,-1.265407
1779952093834,sim-1,10,-7.962933
1779952093834,sim-1,11,6.246681
1779952093834,sim-1,12,4.246874
1779952093834,sim-1,13,-2.958954
1779952093834,sim-1,14,-7.605652
1779952093834,sim-1,15,0.373610
1779952093834,sim-1,16,101.577109
1779952093834,sim-1,17,22.507259
1779952093884,sim-1,0,-3.267065
1779952093884,sim-1,1,6.541749
1779952093884,sim-1,2,0.050844
1779952093884,sim-1,3,7.152682
1779952093884,sim-1,4,-9.462875
1779952093884,sim-1,5,-7.843270
1779952093884,sim-1,6,-0.847805
1779952093884,sim-1,7,-0.766198
1779952093884,sim-1,8,0.457894
1779952093884,sim-1,9,7.672513
1779952093884,sim-1,10,5.716785
1779952093884,sim-1,11,-0.570027
1779952093884,sim-1,12,7.465527
1779952093884,sim-1,13,2.219189
1779952093884,sim-1,14,4.553381
1779952093884,sim-1,15,-5.561810
1779952093884,sim-1,16,101.616706
1779952093884,sim-1,17,22.561032
1779952093933,sim-1,0,3.145999
1779952093933,sim-1,1,1.734179
1779952093933,sim-1,2,9.765353
1779952093933,sim-1,3,1.430935
1779952093933,sim-1,4,-2.323146
1779952093933,sim-1,5,8.584176
1779952093933,sim-1,6,0.410904
1779952093933,sim-1,7,8.392924
1779952093933,sim-1,8,6.738442
1779952093933,sim-1,9,-0.599004
1779952093933,sim-1,10,-4.397132
1779952093933,sim-1,11,1.694705
1779952093933,sim-1,12,-7.830376
1779952093933,sim-1,13,9.337569
1779952093933,sim-1,14,-1.283974
1779952093933,sim-1,15,4.663689
1779952093933,sim-1,16,101.551601
1779952093933,sim-1,17,22.552202
1779952093983,sim-1,0,7.358771
1779952093983,sim-1,1,4.068362
1779952093983,sim-1,2,-2.436001
1779952093983,sim-1,3,-3.564247
1779952093983,sim-1,4,-2.361441
1779952093983,sim-1,5,-5.105751
1779952093983,sim-1,6,5.826671
1779952093983,sim-1,7,7.192091
1779952093983,sim-1,8,-9.398589
1779952093983,sim-1,9,-5.893674
1779952093983,sim-1,10,6.395330
1779952093983,sim-1,11,-3.290343
1779952093983,sim-1,12,-5.958847
1779952093983,sim-1,13,6.324357
1779952093983,sim-1,14,0.859076
1779952093983,sim-1,15,-3.987462
1779952093983,sim-1,16,101.474546
1779952093983,sim-1,17,22.494644
1779952094033,sim-1,0,-1.559812
1779952094033,sim-1,1,-2.697465
1779952094033,sim-1,2,-7.401341
1779952094033,sim-1,3,6.677211
1779952094033,sim-1,4,-3.257207
1779952094033,sim-1,5,9.257548
1779952094033,sim-1,6,9.962429
1779952094033,sim-1,7,0.368752
1779952094033,sim-1,8,-8.201659
1779952094033,sim-1,9,6.809556
1779952094033,sim-1,10,-1.270830
1779952094033,sim-1,11,-8.121645
1779952094033,sim-1,12,5.724602
1779952094033,sim-1,13,-3.324065
1779952094033,sim-1,14,2.714939
1779952094033,sim-1,15,-0.676992
1779952094033,sim-1,16,101.558381
1779952094033,sim-1,17,22.554243
1779952094083,sim-1,0,4.108671
1779952094083,sim-1,1,-8.477628
1779952094083,sim-1,2,-6.537526
1779952094083,sim-1,3,-7.083189
1779952094083,sim-1,4,-3.191297
1779952094083,sim-1,5,-3.210032
1779952094083,sim-1,6,2.083781
1779952094083,sim-1,7,0.136377
1779952094083,sim-1,8,-0.972695
1779952094083,sim-1,9,5.180295
1779952094083,sim-1,10,-3.216765
1779952094083,sim-1,11,6.806502
1779952094083,sim-1,12,-6.275655
1779952094083,sim-1,13,-4.844971
1779952094083,sim-1,14,-5.965789
1779952094083,sim-1,15,-1.017578
1779952094083,sim-1,16,101.564185
1779952094083,sim-1,17,22.493397
1779952094133,sim-1,0,-4.659555
1779952094133,sim-1,1,-3.148314
1779952094133,sim-1,2,1.447686
1779952094133,sim-1,3,-1.797500
1779952094133,sim-1,4,-6.449953
1779952094133,sim-1,5,3.265785
1779952094133,sim-1,6,9.992190
1779952094133,sim-1,7,-5.642333
1779952094133,sim-1,8,2.362483
1779952094133,sim-1,9,-3.900373
1779952094133,sim-1,10,3.714666
1779952094133,sim-1,11,3.666975
1779952094133,sim-1,12,-4.068734
1779952094133,sim-1,13,7.874455
1779952094133,sim-1,14,5.184326
1779952094133,sim-1,15,-9.353971
1779952094133,sim-1,16,101.561402
1779952094133,sim-1,17,22.537230
1779952094184,sim-1,0,-1.331581
1779952094184,sim-1,1,1.437430
1779952094184,sim-1,2,-3.776515
1779952094184,sim-1,3,7.245973
1779952094184,sim-1,4,-5.408087
1779952094184,sim-1,5,8.304991
1779952094184,sim-1,6,-6.005114
1779952094184,sim-1,7,-2.919875
1779952094184,sim-1,8,3.235981
1779952094184,sim-1,9,-5.847710
1779952094184,sim-1,10,-5.550966
1779952094184,sim-1,11,2.165341
1779952094184,sim-1,12,0.453316
1779952094184,sim-1,13,-7.149040
1779952094184,sim-1,14,9.680490
1779952094184,sim-1,15,-9.016483
1779952094184,sim-1,16,101.699638
1779952094184,sim-1,17,22.471810
1779952094233,sim-1,0,6.749975
1779952094233,sim-1,1,-1.747378
1779952094233,sim-1,2,5.590264
1779952094233,sim-1,3,-9.340807
1779952094233,sim-1,4,6.980338
1779952094233,sim-1,5,-5.659701
1779952094233,sim-1,6,-5.754708
1779952094233,sim-1,7,8.650024
1779952094233,sim-1,8,2.560138
1779952094233,sim-1,9,9.244697
1779952094233,sim-1,10,-3.114285
1779952094233,sim-1,11,-4.917665
1779952094233,sim-1,12,-4.625999
1779952094233,sim-1,13,-2.985099
1779952094233,sim-1,14,4.296260
1779952094233,sim-1,15,-9.986304
1779952094233,sim-1,16,101.535383
1779952094233,sim-1,17,22.491489
1779952094283,sim-1,0,2.730703
1779952094283,sim-1,1,-1.670224
1779952094283,sim-1,2,-2.119327
1779952094283,sim-1,3,-6.260363
1779952094283,sim-1,4,-3.095875
1779952094283,sim-1,5,2.007342
1779952094283,sim-1,6,4.910581
1779952094283,sim-1,7,-4.054857
1779952094283,sim-1,8,-8.648456
1779952094283,sim-1,9,-8.586898
1779952094283,sim-1,10,1.941008
1779952094283,sim-1,11,-4.351972
1779952094283,sim-1,12,4.128683
1779952094283,sim-1,13,4.808464
1779952094283,sim-1,14,-9.487520
1779952094283,sim-1,15,7.429252
1779952094283,sim-1,16,101.660176
1779952094283,sim-1,17,22.475679
1779952094334,sim-1,0,5.754240
1779952094334,sim-1,1,-4.707226
1779952094334,sim-1,2,0.111732
1779952094334,sim-1,3,-3.292873
1779952094334,sim-1,4,-1.425619
1779952094334,sim-1,5,9.561723
1779952094334,sim-1,6,-6.170592
1779952094334,sim-1,7,8.832564
1779952094334,sim-1,8,-5.359867
1779952094334,sim-1,9,-4.783881
1779952094334,sim-1,10,-2.487873
1779952094334,sim-1,11,8.119166
1779952094334,sim-1,12,-5.552741
1779952094334,sim-1,13,5.734383
1779952094334,sim-1,14,-6.739467
1779952094334,sim-1,15,5.294483
1779952094334,sim-1,16,101.597629
1779952094334,sim-1,17,22.513287
1779952094384,sim-1,0,-5.063943
1779952094384,sim-1,1,-5.313348
1779952094384,sim-1,2,1.045666
1779952094384,sim-1,3,-5.593500
1779952094384,sim-1,4,4.854067
1779952094384,sim-1,5,5.963442
1779952094384,sim-1,6,-5.126900
1779952094384,sim-1,7,2.872802
1779952094384,sim-1,8,-3.485500
1779952094384,sim-1,9,-7.921935
1779952094384,sim-1,10,-1.629823
1779952094384,sim-1,11,-7.640472
1779952094384,sim-1,12,0.791532
1779952094384,sim-1,13,3.565666
1779952094384,sim-1,14,4.550917
1779952094384,sim-1,15,-7.947075
1779952094384,sim-1,16,101.592327
1779952094384,sim-1,17,22.514065
1779952094434,sim-1,0,4.223212
1779952094434,sim-1,1,3.273368
1779952094434,sim-1,2,2.751278
1779952094434,sim-1,3,-0.337970
1779952094434,sim-1,4,-2.807739
1779952094434,sim-1,5,1.150322
1779952094434,sim-1,6,3.604244
1779952094434,sim-1,7,6.487035
1779952094434,sim-1,8,8.640238
1779952094434,sim-1,9,-9.292816
1779952094434,sim-1,10,-3.215233
1779952094434,sim-1,11,-5.994865
1779952094434,sim-1,12,3.653483
1779952094434,sim-1,13,-3.089465
1779952094434,sim-1,14,-2.402264
1779952094434,sim-1,15,8.380039
1779952094434,sim-1,16,101.640894
1779952094434,sim-1,17,22.532243
1779952094484,sim-1,0,-1.424922
1779952094484,sim-1,1,-2.094793
1779952094484,sim-1,2,-6.158071
1779952094484,sim-1,3,-5.436884
1779952094484,sim-1,4,6.177608
1779952094484,sim-1,5,1.547257
1779952094484,sim-1,6,7.439799
1779952094484,sim-1,7,-4.842056
1779952094484,sim-1,8,-6.205072
1779952094484,sim-1,9,-0.950464
1779952094484,sim-1,10,-0.762676
1779952094484,sim-1,11,-1.313371
1779952094484,sim-1,12,-5.095349
1779952094484,sim-1,13,4.827687
1779952094484,sim-1,14,1.582753
1779952094484,sim-1,15,4.584618
1779952094484,sim-1,16,101.744333
1779952094484,sim-1,17,22.516200
1779952094534,sim-1,0,4.424249
1779952094534,sim-1,1,-1.310484
1779952094534,sim-1,2,-7.500493
1779952094534,sim-1,3,9.471151
1779952094534,sim-1,4,5.733963
1779952094534,sim-1,5,1.035298
1779952094534,sim-1,6,-7.002547
1779952094534,sim-1,7,-3.193216
1779952094534,sim-1,8,-5.565770
1779952094534,sim-1,9,-7.387371
1779952094534,sim-1,10,-5.742506
1779952094534,sim-1,11,2.274493
1779952094534,sim-1,12,-2.603392
1779952094534,sim-1,13,-9.895016
1779952094534,sim-1,14,-8.812545
1779952094534,sim-1,15,1.554994
1779952094534,sim-1,16,101.662560
1779952094534,sim-1,17,22.498365
1779952094584,sim-1,0,0.183630
1779952094584,sim-1,1,-4.189488
1779952094584,sim-1,2,-2.435775
1779952094584,sim-1,3,8.579410
1779952094584,sim-1,4,-2.755519
1779952094584,sim-1,5,2.449543
1779952094584,sim-1,6,-2.454134
1779952094584,sim-1,7,9.892275
1779952094584,sim-1,8,-7.493007
1779952094584,sim-1,9,5.986262
1779952094584,sim-1,10,3.752760
1779952094584,sim-1,11,-2.982004
1779952094584,sim-1,12,3.721147
1779952094584,sim-1,13,-7.464561
1779952094584,sim-1,14,-9.232385
1779952094584,sim-1,15,-3.546388
1779952094584,sim-1,16,101.653424
1779952094584,sim-1,17,22.563835
1779952094633,sim-1,0,7.919560
1779952094633,sim-1,1,0.575646
1779952094633,sim-1,2,-8.424033
1779952094633,sim-1,3,8.070358
1779952094633,sim-1,4,-1.552441
1779952094633,sim-1,5,1.025466
1779952094633,sim-1,6,1.252416
1779952094633,sim-1,7,-2.455475
1779952094633,sim-1,8,-8.557234
1779952094633,sim-1,9,-3.991262
1779952094633,sim-1,10,-2.886074
1779952094633,sim-1,11,2.537322
1779952094633,sim-1,12,0.220018
1779952094633,sim-1,13,-1.508272
1779952094633,sim-1,14,3.785014
1779952094633,sim-1,15,-9.147272
1779952094633,sim-1,16,101.739660
1779952094633,sim-1,17,22.494866
1779952094683,sim-1,0,-7.099914
1779952094683,sim-1,1,3.860424
1779952094683,sim-1,2,-5.388462
1779952094683,sim-1,3,-8.213598
1779952094683,sim-1,4,-2.726439
1779952094683,sim-1,5,6.281475
1779952094683,sim-1,6,2.958684
1779952094683,sim-1,7,-5.257852
1779952094683,sim-1,8,-6.458079
1779952094683,sim-1,9,0.256581
1779952094683,sim-1,10,-8.159963
1779952094683,sim-1,11,-0.529587
1779952094683,sim-1,12,8.800256
1779952094683,sim-1,13,-9.169985
1779952094683,sim-1,14,7.475049
1779952094683,sim-1,15,-7.068274
1779952094683,sim-1,16,101.699404
1779952094683,sim-1,17,22.492319
1779952094733,sim-1,0,-4.668941
1779952094733,sim-1,1,6.446135
1779952094733,sim-1,2,0.472992
1779952094733,sim-1,3,7.639381
1779952094733,sim-1,4,-5.995185
1779952094733,sim-1,5,3.490272
1779952094733,sim-1,6,-1.608582
1779952094733,sim-1,7,-5.118459
1779952094733,sim-1,8,5.388500
1779952094733,sim-1,9,-1.487129
1779952094733,sim-1,10,5.303935
1779952094733,sim-1,11,7.013279
1779952094733,sim-1,12,1.784703
1779952094733,sim-1,13,-0.659282
1779952094733,sim-1,14,-9.429985
1779952094733,sim-1,15,3.806165
1779952094733,sim-1,16,101.621855
1779952094733,sim-1,17,22.563986
1779952094783,sim-1,0,-0.105880
1779952094783,sim-1,1,8.660549
1779952094783,sim-1,2,3.020015
1779952094783,sim-1,3,-6.512297
1779952094783,sim-1,4,-3.121127
1779952094783,sim-1,5,-8.325973
1779952094783,sim-1,6,9.042305
1779952094783,sim-1,7,4.035727
1779952094783,sim-1,8,-1.828973
1779952094783,sim-1,9,4.834335
1779952094783,sim-1,10,-6.012538
1779952094783,sim-1,11,6.988118
1779952094783,sim-1,12,-6.833081
1779952094783,sim-1,13,5.169778
1779952094783,sim-1,14,-3.145615
1779952094783,sim-1,15,5.902807
1779952094783,sim-1,16,101.794966
1779952094783,sim-1,17,22.487518
1779952094833,sim-1,0,1.676354
1779952094833,sim-1,1,1.934294
1779952094833,sim-1,2,-4.694108
1779952094833,sim-1,3,-2.639224
1779952094833,sim-1,4,4.884339
1779952094833,sim-1,5,-0.125731
1779952094833,sim-1,6,-6.636509
1779952094833,sim-1,7,-2.132115
1779952094833,sim-1,8,0.520252
1779952094833,sim-1,9,9.812432
1779952094833,sim-1,10,-6.004372
1779952094833,sim-1,11,-2.173679
1779952094833,sim-1,12,-7.963155
1779952094833,sim-1,13,0.445984
1779952094833,sim-1,14,2.056813
1779952094833,sim-1,15,5.343686
1779952094833,sim-1,16,101.813227
1779952094833,sim-1,17,22.520416
1779952094883,sim-1,0,-2.558830
1779952094883,sim-1,1,-1.038859
1779952094883,sim-1,2,1.876552
1779952094883,sim-1,3,-5.023473
1779952094883,sim-1,4,8.028636
1779952094883,sim-1,5,4.908310
1779952094883,sim-1,6,-6.848777
1779952094883,sim-1,7,6.408994
1779952094883,sim-1,8,3.268721
1779952094883,sim-1,9,-9.733131
1779952094883,sim-1,10,6.953904
1779952094883,sim-1,11,4.255370
1779952094883,sim-1,12,5.675696
1779952094883,sim-1,13,-2.610211
1779952094883,sim-1,14,8.831952
1779952094883,sim-1,15,-2.423958
1779952094883,sim-1,16,101.693889
1779952094883,sim-1,17,22.567536
1779952094934,sim-1,0,8.368593
1779952094934,sim-1,1,-5.273332
1779952094934,sim-1,2,1.121693
1779952094934,sim-1,3,9.695788
1779952094934,sim-1,4,1.914793
1779952094934,sim-1,5,-1.948162
1779952094934,sim-1,6,2.031110
1779952094934,sim-1,7,5.889494
1779952094934,sim-1,8,3.151923
1779952094934,sim-1,9,-5.968291
1779952094934,sim-1,10,7.428179
1779952094934,sim-1,11,2.909499
1779952094934,sim-1,12,-7.968544
1779952094934,sim-1,13,2.745898
1779952094934,sim-1,14,-3.018570
1779952094934,sim-1,15,-2.696262
1779952094934,sim-1,16,101.778794
1779952094934,sim-1,17,22.526596
1779952094983,sim-1,0,4.324647
1779952094983,sim-1,1,4.336025
1779952094983,sim-1,2,6.075156
1779952094983,sim-1,3,-6.731730
1779952094983,sim-1,4,-6.868264
1779952094983,sim-1,5,2.105472
1779952094983,sim-1,6,-5.794012
1779952094983,sim-1,7,8.294886
1779952094983,sim-1,8,7.420483
1779952094983,sim-1,9,-9.434612
1779952094983,sim-1,10,-4.196723
1779952094983,sim-1,11,7.448325
1779952094983,sim-1,12,9.736659
1779952094983,sim-1,13,-2.387742
1779952094983,sim-1,14,3.173294
1779952094983,sim-1,15,9.831162
1779952094983,sim-1,16,101.679720
1779952094983,sim-1,17,22.531085
1779952095033,sim-1,0,6.589665
1779952095033,sim-1,1,-1.381792
1779952095033,sim-1,2,-4.417214
1779952095033,sim-1,3,-0.232188
1779952095033,sim-1,4,-6.362150
1779952095033,sim-1,5,3.732342
1779952095033,sim-1,6,-3.741898
1779952095033,sim-1,7,6.616302
1779952095033,sim-1,8,7.281003
1779952095033,sim-1,9,6.810711
1779952095033,sim-1,10,4.812736
1779952095033,sim-1,11,-6.338170
1779952095033,sim-1,12,-2.099398
1779952095033,sim-1,13,-9.888767
1779952095033,sim-1,14,-0.766462
1779952095033,sim-1,15,-9.043936
1779952095033,sim-1,16,101.837113
1779952095033,sim-1,17,22.495786
1779952095083,sim-1,0,0.414324
1779952095083,sim-1,1,-3.155894
1779952095083,sim-1,2,0.635920
1779952095083,sim-1,3,-6.429843
1779952095083,sim-1,4,0.667892
1779952095083,sim-1,5,-0.713881
1779952095083,sim-1,6,2.329339
1779952095083,sim-1,7,4.044763
1779952095083,sim-1,8,-7.336455
1779952095083,sim-1,9,-4.379907
1779952095083,sim-1,10,0.812685
1779952095083,sim-1,11,8.755503
1779952095083,sim-1,12,1.434306
1779952095083,sim-1,13,8.981237
1779952095083,sim-1,14,-0.703515
1779952095083,sim-1,15,4.105709
1779952095083,sim-1,16,101.743582
1779952095083,sim-1,17,22.559869
1779952095133,sim-1,0,6.330638
1779952095133,sim-1,1,-3.125562
1779952095133,sim-1,2,0.798063
1779952095133,sim-1,3,1.600419
1779952095133,sim-1,4,-0.220337
1779952095133,sim-1,5,8.536012
1779952095133,sim-1,6,9.204784
1779952095133,sim-1,7,7.414780
1779952095133,sim-1,8,-7.992094
1779952095133,sim-1,9,-4.459415
1779952095133,sim-1,10,2.747421
1779952095133,sim-1,11,-0.211721
1779952095133,sim-1,12,4.609375
1779952095133,sim-1,13,-7.023162
1779952095133,sim-1,14,9.606608
1779952095133,sim-1,15,9.912399
1779952095133,sim-1,16,101.815571
1779952095133,sim-1,17,22.548598
1779952095184,sim-1,0,-3.513618
1779952095184,sim-1,1,6.963801
1779952095184,sim-1,2,7.029440
1779952095184,sim-1,3,-8.594690
1779952095184,sim-1,4,5.976814
1779952095184,sim-1,5,3.266250
1779952095184,sim-1,6,-9.739449
1779952095184,sim-1,7,0.002692
1779952095184,sim-1,8,-4.323147
1779952095184,sim-1,9,-2.597267
1779952095184,sim-1,10,-8.750078
1779952095184,sim-1,11,6.205594
1779952095184,sim-1,12,-5.052764
1779952095184,sim-1,13,5.350727
1779952095184,sim-1,14,-7.264527
1779952095184,sim-1,15,8.210077
1779952095184,sim-1,16,101.880727
1779952095184,sim-1,17,22.533052
1779952095233,sim-1,0,8.027389
1779952095233,sim-1,1,3.622502
1779952095233,sim-1,2,-9.670665
1779952095233,sim-1,3,-3.271782
1779952095233,sim-1,4,7.729428
1779952095233,sim-1,5,6.031574
1779952095233,sim-1,6,-1.903844
1779952095233,sim-1,7,3.410425
1779952095233,sim-1,8,-4.135827
1779952095233,sim-1,9,-4.245956
1779952095233,sim-1,10,-8.082289
1779952095233,sim-1,11,-5.650715
1779952095233,sim-1,12,7.813076
1779952095233,sim-1,13,-3.224536
1779952095233,sim-1,14,-6.917913
1779952095233,sim-1,15,2.024548
1779952095233,sim-1,16,101.790392
1779952095233,sim-1,17,22.520943
1779952095283,sim-1,0,-7.076159
1779952095283,sim-1,1,5.710164
1779952095283,sim-1,2,-2.227837
1779952095283,sim-1,3,3.918741
1779952095283,sim-1,4,9.782096
1779952095283,sim-1,5,-8.314203
1779952095283,sim-1,6,-1.043931
1779952095283,sim-1,7,-8.552438
1779952095283,sim-1,8,-8.704173
1779952095283,sim-1,9,-7.525084
1779952095283,sim-1,10,-5.134752
1779952095283,sim-1,11,-7.894874
1779952095283,sim-1,12,6.450564
1779952095283,sim-1,13,-3.454498
1779952095283,sim-1,14,5.086423
1779952095283,sim-1,15,4.764248
1779952095283,sim-1,16,101.726709
1779952095283,sim-1,17,22.503329
1779952095333,sim-1,0,7.833159
1779952095333,sim-1,1,2.621159
1779952095333,sim-1,2,-6.923615
1779952095333,sim-1,3,-5.895512
1779952095333,sim-1,4,5.479897
1779952095333,sim-1,5,3.867160
1779952095333,sim-1,6,3.555738
1779952095333,sim-1,7,6.779691
1779952095333,sim-1,8,6.069018
1779952095333,sim-1,9,-9.900723
1779952095333,sim-1,10,4.049779
1779952095333,sim-1,11,4.697565
1779952095333,sim-1,12,8.525913
1779952095333,sim-1,13,4.655900
1779952095333,sim-1,14,2.863417
1779952095333,sim-1,15,6.711683
1779952095333,sim-1,16,101.800377
1779952095333,sim-1,17,22.563534
1779952095383,sim-1,0,-4.037977
1779952095383,sim-1,1,-1.041307
1779952095383,sim-1,2,6.594408
1779952095383,sim-1,3,-8.344092
1779952095383,sim-1,4,-3.096528
1779952095383,sim-1,5,-4.723429
1779952095383,sim-1,6,-8.331040
1779952095383,sim-1,7,4.442397
1779952095383,sim-1,8,-5.239104
1779952095383,sim-1,9,3.390738
1779952095383,sim-1,10,-1.099707
1779952095383,sim-1,11,-4.714483
1779952095383,sim-1,12,3.707033
1779952095383,sim-1,13,-0.660254
1779952095383,sim-1,14,6.206160
1779952095383,sim-1,15,6.908485
1779952095383,sim-1,16,101.753537
1779952095383,sim-1,17,22.515822
1779952095434,sim-1,0,-5.107817
1779952095434,sim-1,1,-0.556477
1779952095434,sim-1,2,6.008326
1779952095434,sim-1,3,-7.286310
1779952095434,sim-1,4,-3.811979
1779952095434,sim-1,5,-3.451073
1779952095434,sim-1,6,-9.741467
1779952095434,sim-1,7,8.165906
1779952095434,sim-1,8,-4.302605
1779952095434,sim-1,9,-0.805454
1779952095434,sim-1,10,1.935398
1779952095434,sim-1,11,-4.044248
1779952095434,sim-1,12,-3.574955
1779952095434,sim-1,13,0.893348
1779952095434,sim-1,14,1.594684
1779952095434,sim-1,15,-5.006270
1779952095434,sim-1,16,101.841441
1779952095434,sim-1,17,22.538113
1779952095483,sim-1,0,-2.192642
1779952095483,sim-1,1,1.283184
1779952095483,sim-1,2,-0.537932
1779952095483,sim-1,3,6.430463
1779952095483,sim-1,4,-6.367023
1779952095483,sim-1,5,3.419381
1779952095483,sim-1,6,2.472137
1779952095483,sim-1,7,-8.448726
1779952095483,sim-1,8,9.040438
1779952095483,sim-1,9,8.173978
1779952095483,sim-1,10,-7.374490
1779952095483,sim-1,11,-7.088226
1779952095483,sim-1,12,-8.713550
1779952095483,sim-1,13,-0.421418
1779952095483,sim-1,14,9.560871
1779952095483,sim-1,15,-1.127354
1779952095483,sim-1,16,101.883953
1779952095483,sim-1,17,22.524994
1779952095533,sim-1,0,-3.538393
1779952095533,sim-1,1,-3.432228
1779952095533,sim-1,2,-9.949557
1779952095533,sim-1,3,0.616395
1779952095533,sim-1,4,3.638190
1779952095533,sim-1,5,2.308521
1779952095533,sim-1,6,-3.157373
1779952095533,sim-1,7,2.864171
1779952095533,sim-1,8,-1.054138
1779952095533,sim-1,9,2.823477
1779952095533,sim-1,10,3.470971
1779952095533,sim-1,11,-5.480987
1779952095533,sim-1,12,-0.993768
1779952095533,sim-1,13,-9.779805
1779952095533,sim-1,14,8.464573
1779952095533,sim-1,15,-9.235237
1779952095533,sim-1,16,101.900128
1779952095533,sim-1,17,22.553150
1779952095584,sim-1,0,1.514824
1779952095584,sim-1,1,-1.995500
1779952095584,sim-1,2,-7.312879
1779952095584,sim-1,3,9.336228
1779952095584,sim-1,4,5.830888
1779952095584,sim-1,5,-5.927550
1779952095584,sim-1,6,-8.171790
1779952095584,sim-1,7,-1.314973
1779952095584,sim-1,8,-4.587694
1779952095584,sim-1,9,-3.153324
1779952095584,sim-1,10,7.897634
1779952095584,sim-1,11,-3.100771
1779952095584,sim-1,12,1.835310
1779952095584,sim-1,13,2.857301
1779952095584,sim-1,14,0.866042
1779952095584,sim-1,15,8.291177
1779952095584,sim-1,16,101.969390
1779952095584,sim-1,17,22.549530
1779952095634,sim-1,0,-4.755514
1779952095634,sim-1,1,8.375142
1779952095634,sim-1,2,-1.110995
1779952095634,sim-1,3,4.078885
1779952095634,sim-1,4,6.755501
1779952095634,sim-1,5,9.585558
1779952095634,sim-1,6,-6.754822
1779952095634,sim-1,7,-4.135776
1779952095634,sim-1,8,-9.147002
1779952095634,sim-1,9,-9.791143
1779952095634,sim-1,10,5.277517
1779952095634,sim-1,11,8.634443
1779952095634,sim-1,12,-4.950668
1779952095634,sim-1,13,4.997377
1779952095634,sim-1,14,-5.277565
1779952095634,sim-1,15,-3.916607
1779952095634,sim-1,16,101.943035
1779952095634,sim-1,17,22.547816
1779952095683,sim-1,0,-4.676072
1779952095683,sim-1,1,-0.998264
1779952095683,sim-1,2,-5.749544
1779952095683,sim-1,3,-4.949423
1779952095683,sim-1,4,2.065679
1779952095683,sim-1,5,5.393054
1779952095683,sim-1,6,9.280199
1779952095683,sim-1,7,4.899837
1779952095683,sim-1,8,8.931631
1779952095683,sim-1,9,7.661520
1779952095683,sim-1,10,-0.385950
1779952095683,sim-1,11,1.312048
1779952095683,sim-1,12,-1.626528
1779952095683,sim-1,13,-0.479217
1779952095683,sim-1,14,2.094745
1779952095683,sim-1,15,5.648204
1779952095683,sim-1,16,101.817966
1779952095683,sim-1,17,22.559302
1779952095733,sim-1,0,0.696647
1779952095733,sim-1,1,1.241529
1779952095733,sim-1,2,-5.102230
1779952095733,sim-1,3,8.988761
1779952095733,sim-1,4,3.231238
1779952095733,sim-1,5,2.842819
1779952095733,sim-1,6,5.609882
1779952095733,sim-1,7,5.962815
1779952095733,sim-1,8,-4.937617
1779952095733,sim-1,9,1.862083
1779952095733,sim-1,10,7.925876
1779952095733,sim-1,11,-2.959691
1779952095733,sim-1,12,1.788749
1779952095733,sim-1,13,-5.253750
1779952095733,sim-1,14,-3.268783
1779952095733,sim-1,15,-2.504332
1779952095733,sim-1,16,101.949330
1779952095733,sim-1,17,22.590310
1779952095784,sim-1,0,5.292258
1779952095784,sim-1,1,-6.496003
1779952095784,sim-1,2,-4.568896
1779952095784,sim-1,3,4.814787
1779952095784,sim-1,4,1.953575
1779952095784,sim-1,5,8.585382
1779952095784,sim-1,6,3.400986
1779952095784,sim-1,7,7.057966
1779952095784,sim-1,8,2.334767
1779952095784,sim-1,9,7.273351
1779952095784,sim-1,10,-1.082743
1779952095784,sim-1,11,5.362138
1779952095784,sim-1,12,7.728290
1779952095784,sim-1,13,4.166651
1779952095784,sim-1,14,-1.374384
1779952095784,sim-1,15,4.171367
1779952095784,sim-1,16,101.980297
1779952095784,sim-1,17,22.537920
1779952095834,sim-1,0,-0.755119
1779952095834,sim-1,1,-6.501557
1779952095834,sim-1,2,-8.685192
1779952095834,sim-1,3,1.751486
1779952095834,sim-1,4,4.266249
1779952095834,sim-1,5,-9.754099
1779952095834,sim-1,6,5.822285
1779952095834,sim-1,7,4.432953
1779952095834,sim-1,8,-4.194139
1779952095834,sim-1,9,-2.686116
1779952095834,sim-1,10,4.080394
1779952095834,sim-1,11,-4.312203
1779952095834,sim-1,12,-5.521621
1779952095834,sim-1,13,4.400807
1779952095834,sim-1,14,8.479700
1779952095834,sim-1,15,-9.184436
1779952095834,sim-1,16,101.953746
1779952095834,sim-1,17,22.502087
